Brand,Category,Condition,Material,Color,Size,Price
Walmart,Boots,Like New,Polyester,Blue,XXL,45
Forever 21,Jacket,New with Tags,Polyester,Red,XL,70
Primark,Sweater,Good,Leather,Green,XS,25
Carhartt,Jacket,Good,Cotton,Gray,M,130
Gap,Shorts,Fair,Nylon,Gray,XL,5
Gap,Jacket,Good,Wool,Navy,XXL,80
Fashion Nova,T-shirt,Fair,Synthetic,Blue,XL,6
Fashion Nova,Tank Top,Excellent,Nylon,Black,S,19
The North Face,Shorts,Like New,Synthetic,Navy,L,50
The North Face,Shorts,Fair,Denim,Brown,M,12
Patagonia,Coat,Good,Leather,White,L,155
Adidas,T-shirt,Fair,Nylon,Green,XXL,10
Adidas,Shorts,Fair,Nylon,Blue,XL,25
Primark,Tank Top,Like New,Wool,Blue,XL,40
Gap,Boots,Excellent,Polyester,Black,S,100
Gap,Tank Top,Like New,Synthetic,Navy,XL,12
Nike,Tank Top,Excellent,Denim,Gray,L,45
Nike,Tank Top,Fair,Polyester,Black,XS,14
Carhartt,Coat,Excellent,Synthetic,Navy,S,145
Forever 21,Dress,Good,Polyester,White,XS,35
Walmart,T-shirt,New with Tags,Denim,Gray,XS,8
H&M,Jacket,Good,Nylon,Beige,XS,50
The North Face,Dress,Good,Denim,Red,L,95
American Eagle,Sneakers,Like New,Polyester,Green,S,75
Shein,Jacket,Fair,Denim,Beige,XL,20
Walmart,Tank Top,Good,Cotton,Red,XL,11
Shein,Sweater,Excellent,Polyester,Green,L,20
Patagonia,Jeans,New with Tags,Leather,Red,XL,140
American Eagle,Dress,Fair,Synthetic,Green,XL,55
Primark,Jeans,Like New,Wool,White,XS,35
Old Navy,Shorts,Fair,Denim,Green,XS,4
Adidas,Sweater,Good,Leather,Brown,XL,40
Walmart,Sweater,Good,Polyester,Black,M,25
Carhartt,Coat,New with Tags,Wool,Beige,L,325
The North Face,Jeans,Like New,Synthetic,Gray,L,125
Old Navy,T-shirt,Good,Nylon,Black,L,10
Old Navy,Jacket,Like New,Denim,Gray,M,140
Uniqlo,Shorts,New with Tags,Cotton,Green,S,35
Uniqlo,Sneakers,Fair,Leather,White,L,30
Primark,Tank Top,Excellent,Denim,White,XXL,20
Zara,Sneakers,Excellent,Denim,Green,XL,35
Nike,Shorts,Good,Leather,Black,M,20
H&M,Sweater,Fair,Denim,Blue,XXL,15
Adidas,Sweater,Like New,Polyester,Black,XS,65
Levi's,Sweater,Good,Denim,Brown,S,50
Levi's,Coat,Fair,Denim,Black,XL,70
Primark,Shorts,Good,Leather,Beige,L,19
H&M,Sweater,Excellent,Nylon,Beige,L,40
Old Navy,Hoodie,Excellent,Leather,White,S,35
H&M,Sneakers,Good,Cotton,Red,L,35
Forever 21,Jeans,Excellent,Wool,Brown,L,50
Old Navy,Sneakers,Good,Cotton,Brown,M,50
Nike,T-shirt,Good,Leather,Black,XS,25
American Eagle,Dress,Excellent,Wool,Brown,M,115
Adidas,T-shirt,Excellent,Polyester,White,XXL,8
Nike,Coat,Like New,Denim,White,XL,180
Primark,T-shirt,Like New,Wool,White,XL,6
Uniqlo,Jacket,Fair,Synthetic,Red,XS,40
Nike,Boots,Fair,Denim,Gray,XS,70
Levi's,Sneakers,Like New,Denim,Blue,XXL,105
H&M,Hoodie,Excellent,Nylon,Red,XS,35
Primark,Socks,Excellent,Cotton,Navy,M,6
Fashion Nova,Jeans,Fair,Polyester,White,S,16
Forever 21,Socks,Good,Nylon,Black,XS,5
Primark,Sneakers,Fair,Leather,Gray,L,25
American Eagle,Jacket,Like New,Wool,White,XXL,115
American Eagle,Shorts,New with Tags,Nylon,Red,M,12
Target,Jeans,New with Tags,Leather,Green,XXL,70
Nike,Sneakers,Good,Denim,Gray,S,70
Levi's,Jeans,Fair,Synthetic,Black,S,25
Patagonia,Socks,Fair,Leather,Red,XL,20
American Eagle,T-shirt,Fair,Synthetic,White,S,9
The North Face,T-shirt,Like New,Cotton,Brown,L,40
Uniqlo,Jeans,Like New,Wool,Red,L,35
Patagonia,Coat,Excellent,Leather,Green,L,150
Primark,Sneakers,New with Tags,Leather,Black,L,50
Primark,T-shirt,Excellent,Leather,Black,S,16
Forever 21,Socks,New with Tags,Denim,Gray,L,14
Forever 21,Sneakers,Fair,Cotton,Navy,XS,11
Walmart,Socks,Good,Cotton,Red,XL,10
Carhartt,Tank Top,Excellent,Denim,Navy,XS,14
Zara,Dress,New with Tags,Polyester,White,L,125
Shein,Shorts,Good,Nylon,Navy,L,6
Primark,Tank Top,New with Tags,Wool,Brown,M,30
Zara,Socks,Like New,Denim,Beige,L,19
Old Navy,Tank Top,Fair,Denim,Red,L,5
Uniqlo,Tank Top,Good,Cotton,Blue,XL,25
Nike,Jeans,Like New,Denim,Blue,XS,105
Walmart,Sneakers,Excellent,Synthetic,Navy,XL,12
Old Navy,T-shirt,Good,Cotton,White,L,7
Carhartt,Hoodie,Good,Polyester,Red,XL,50
Patagonia,Socks,Fair,Synthetic,Red,L,19
H&M,Jeans,Good,Wool,Beige,S,35
Uniqlo,Sneakers,Excellent,Polyester,Brown,L,25
Uniqlo,Jeans,Good,Wool,Black,XL,75
Forever 21,Sweater,Fair,Nylon,Gray,S,16
Fashion Nova,Tank Top,New with Tags,Synthetic,Black,M,14
Patagonia,Hoodie,Good,Polyester,Red,S,75
Shein,Boots,Good,Nylon,Green,XXL,50
The North Face,Dress,Fair,Wool,White,L,55
Shein,Socks,Excellent,Cotton,Red,L,6
Adidas,Dress,Excellent,Synthetic,Brown,XS,105
Gap,Coat,Fair,Polyester,Brown,L,40
Forever 21,Tank Top,Good,Synthetic,White,L,12
Shein,Dress,Good,Polyester,Gray,XS,45
Shein,Dress,Excellent,Polyester,White,L,25
Patagonia,Sweater,Like New,Nylon,Red,XS,110
Carhartt,Jacket,Excellent,Nylon,Blue,S,130
The North Face,Boots,Like New,Leather,Gray,XS,120
Walmart,Sneakers,Excellent,Leather,White,L,45
Primark,Sneakers,New with Tags,Cotton,Navy,L,25
Carhartt,Tank Top,New with Tags,Polyester,Green,XL,45
Primark,Sneakers,Fair,Leather,Brown,XS,18
Fashion Nova,Dress,Good,Polyester,Brown,M,40
H&M,Hoodie,Excellent,Polyester,Navy,XS,25
Fashion Nova,Sweater,Fair,Cotton,Beige,XL,9
Uniqlo,Boots,Fair,Wool,Gray,XS,45
Carhartt,Shorts,New with Tags,Nylon,Green,XL,25
Primark,T-shirt,Fair,Synthetic,Green,XS,4
American Eagle,Coat,Like New,Leather,Brown,XS,90
Levi's,Sneakers,Excellent,Polyester,Gray,M,95
Patagonia,Coat,Fair,Cotton,White,M,60
Nike,Boots,Good,Cotton,Green,XXL,105
Zara,Jacket,Like New,Wool,Red,S,115
Old Navy,Dress,Fair,Synthetic,Red,XL,40
Uniqlo,Dress,New with Tags,Denim,White,M,120
Levi's,Boots,Like New,Nylon,Navy,XXL,150
Levi's,Socks,Fair,Cotton,Brown,M,18
Walmart,Tank Top,Excellent,Wool,Blue,S,5
Walmart,Dress,Good,Nylon,Navy,XXL,45
Shein,Shorts,Like New,Denim,White,L,10
Walmart,Sneakers,Good,Cotton,Black,M,25
Primark,Socks,Good,Leather,Beige,XXL,19
Zara,Sweater,New with Tags,Denim,White,M,70
Forever 21,Sweater,Excellent,Wool,Green,L,30
Shein,Boots,New with Tags,Leather,Brown,M,90
Carhartt,Coat,Excellent,Wool,Brown,S,195
Old Navy,T-shirt,Good,Leather,Gray,XS,14
Old Navy,Coat,Like New,Cotton,Green,XS,100
Shein,Tank Top,Fair,Denim,Blue,S,4
Forever 21,Dress,Excellent,Synthetic,Red,L,60
Nike,Boots,Good,Nylon,Red,M,105
H&M,Socks,Like New,Nylon,Red,XL,10
Zara,Jacket,Excellent,Cotton,Blue,M,80
Levi's,Jeans,Good,Cotton,Brown,XL,40
Gap,Shorts,Like New,Polyester,Black,M,35
Forever 21,Jeans,New with Tags,Cotton,Green,S,50
Carhartt,Boots,New with Tags,Cotton,Red,L,195
Zara,T-shirt,Fair,Leather,Red,XXL,6
Old Navy,T-shirt,Fair,Wool,White,XL,14
Gap,Socks,Excellent,Wool,Black,M,35
Fashion Nova,Sweater,New with Tags,Wool,Beige,M,50
Forever 21,Tank Top,Like New,Cotton,Navy,XS,6
Zara,Sneakers,Excellent,Cotton,Red,M,50
Carhartt,Sneakers,Good,Denim,Gray,S,60
Adidas,Jeans,Good,Leather,Blue,XL,45
Zara,Socks,Like New,Synthetic,Navy,M,25
Forever 21,Jeans,New with Tags,Synthetic,Brown,M,40
The North Face,Socks,New with Tags,Polyester,White,S,50
Walmart,Tank Top,Good,Wool,Gray,L,16
Shein,Jacket,New with Tags,Synthetic,Blue,L,70
Uniqlo,Sweater,Fair,Wool,Navy,S,25
Gap,Shorts,Excellent,Synthetic,White,XL,25
Fashion Nova,Tank Top,Excellent,Leather,Red,XS,30
Zara,Shorts,Good,Nylon,Beige,S,13
Fashion Nova,Sneakers,Good,Nylon,White,S,30
Primark,Sweater,Fair,Synthetic,Blue,S,14
Nike,Boots,Like New,Polyester,Gray,XXL,140
Gap,Sweater,Fair,Wool,Blue,XXL,25
Target,Boots,Fair,Cotton,Black,XS,20
Forever 21,T-shirt,Good,Synthetic,Beige,M,8
Forever 21,Sneakers,New with Tags,Synthetic,Black,S,30
Target,Hoodie,Excellent,Denim,Blue,M,19
Old Navy,Jacket,New with Tags,Wool,Brown,XL,170
Fashion Nova,Sweater,Like New,Denim,Beige,L,30
Forever 21,Coat,Fair,Wool,Black,XS,30
Zara,Jacket,Good,Polyester,Green,XXL,45
Nike,Tank Top,Excellent,Leather,Green,XS,35
Fashion Nova,T-shirt,Like New,Cotton,Brown,M,20
Nike,Socks,Fair,Cotton,Black,XS,8
Primark,Boots,Fair,Wool,Blue,L,45
Primark,Hoodie,Good,Nylon,Black,M,12
Uniqlo,T-shirt,Fair,Denim,Green,XXL,17
Forever 21,Dress,Like New,Nylon,Red,XS,60
American Eagle,Sweater,Good,Synthetic,Red,L,35
Fashion Nova,Coat,Fair,Polyester,Beige,M,30
Levi's,Shorts,Fair,Wool,Green,XL,20
American Eagle,Tank Top,Good,Wool,Navy,M,25
Fashion Nova,Socks,Good,Nylon,Gray,S,5
H&M,Shorts,Good,Polyester,Red,XL,10
Nike,Tank Top,Like New,Cotton,Beige,S,35
Adidas,Jacket,Fair,Polyester,Brown,XXL,90
Carhartt,Hoodie,New with Tags,Nylon,White,XXL,105
The North Face,Sweater,New with Tags,Nylon,Brown,L,80
Gap,Boots,Fair,Leather,White,M,50
Nike,Hoodie,Like New,Nylon,White,M,55
Patagonia,Shorts,Excellent,Leather,Red,S,50
Gap,Jeans,Like New,Polyester,Navy,M,55
American Eagle,Hoodie,Fair,Synthetic,Black,M,25
Levi's,Sweater,Good,Synthetic,Beige,XXL,75
American Eagle,Tank Top,Like New,Polyester,Navy,S,25
Primark,Sweater,Like New,Synthetic,White,XL,30
Walmart,Coat,Fair,Leather,Blue,S,25
Forever 21,Dress,New with Tags,Denim,Blue,XL,65
Uniqlo,Dress,Excellent,Nylon,Black,XXL,50
Walmart,T-shirt,New with Tags,Denim,Black,M,19
Forever 21,Sneakers,Good,Nylon,Brown,L,18
Adidas,Jeans,Like New,Leather,Brown,XL,105
H&M,Socks,Fair,Denim,Red,S,9
Patagonia,Socks,Fair,Nylon,Black,S,7
Fashion Nova,T-shirt,Like New,Synthetic,Black,L,13
The North Face,Shorts,Like New,Nylon,Gray,XL,40
Old Navy,Tank Top,Good,Wool,Green,XS,20
Forever 21,Socks,New with Tags,Wool,Brown,XL,13
Forever 21,Coat,Excellent,Nylon,Blue,L,65
Primark,Dress,Like New,Wool,Red,M,95
Target,Boots,Good,Synthetic,Black,XS,35
Target,Sweater,Excellent,Wool,Black,S,65
Old Navy,Tank Top,Good,Polyester,Beige,M,18
American Eagle,Hoodie,Fair,Denim,Navy,XS,35
Carhartt,Sneakers,New with Tags,Leather,Red,XXL,85
American Eagle,Coat,Excellent,Polyester,Brown,XL,95
Shein,Sneakers,Good,Denim,Blue,XXL,20
Fashion Nova,Jacket,New with Tags,Nylon,Black,XS,65
Target,Coat,Fair,Denim,Gray,XS,30
Gap,Dress,New with Tags,Cotton,Beige,XXL,105
Forever 21,Jacket,New with Tags,Leather,Blue,S,65
Gap,Sneakers,Good,Leather,Red,XXL,40
Walmart,Dress,Good,Denim,Beige,L,17
Uniqlo,Jeans,Fair,Cotton,Red,S,35
Adidas,Jeans,Like New,Nylon,Gray,XS,125
Forever 21,Boots,Like New,Leather,Red,XL,85
Target,T-shirt,Fair,Synthetic,Gray,XS,2
Primark,Socks,Excellent,Cotton,Green,L,12
Primark,Socks,New with Tags,Nylon,Green,S,13
Fashion Nova,Dress,Excellent,Wool,White,XS,35
Patagonia,Dress,Good,Leather,Beige,XL,75
Shein,Jeans,Excellent,Denim,Brown,XS,35
Target,Socks,Like New,Polyester,Green,M,6
H&M,Sneakers,New with Tags,Wool,Green,S,95
Carhartt,Dress,Excellent,Nylon,Brown,M,120
Primark,Boots,Excellent,Leather,Red,L,75
Fashion Nova,Sweater,Excellent,Denim,Green,L,35
Adidas,T-shirt,Good,Synthetic,Red,L,35
Uniqlo,Sweater,Excellent,Polyester,Green,XXL,30
Zara,Sneakers,Fair,Leather,Brown,XL,25
Fashion Nova,Jacket,Like New,Synthetic,Gray,S,45
Fashion Nova,Hoodie,Good,Cotton,Black,XS,18
Target,Hoodie,Good,Denim,Beige,S,12
Patagonia,Tank Top,Excellent,Wool,Gray,L,50
Fashion Nova,Hoodie,New with Tags,Wool,Black,XXL,40
Adidas,Coat,Fair,Polyester,Gray,XL,60
Target,Dress,Good,Cotton,Red,L,35
Walmart,T-shirt,Fair,Polyester,Gray,M,3
Zara,Shorts,Fair,Denim,Brown,XL,4
Fashion Nova,Jeans,Like New,Wool,White,S,30
Zara,Dress,Good,Polyester,Navy,XXL,75
Nike,Dress,Excellent,Polyester,Blue,M,170
Levi's,Coat,Good,Leather,Beige,XXL,140
Old Navy,Jacket,Like New,Wool,Black,M,95
Zara,T-shirt,Fair,Cotton,Green,XL,13
Forever 21,Tank Top,Good,Cotton,Red,M,10
Levi's,Coat,Like New,Nylon,Gray,XXL,145
The North Face,Boots,Fair,Wool,Beige,S,70
Fashion Nova,Coat,Good,Cotton,Green,XXL,35
Adidas,Sneakers,Like New,Leather,Green,XXL,110
Levi's,Shorts,Excellent,Denim,Navy,M,40
Uniqlo,Shorts,New with Tags,Nylon,Beige,L,14
American Eagle,Hoodie,Fair,Leather,Blue,XL,50
Patagonia,Socks,New with Tags,Cotton,Blue,L,55
Adidas,Sweater,Excellent,Cotton,Gray,M,50
Shein,Tank Top,Good,Synthetic,White,XXL,3
Target,Socks,New with Tags,Cotton,Gray,XS,20
Gap,T-shirt,New with Tags,Wool,Gray,M,18
Target,Jacket,Fair,Synthetic,Blue,L,17
Zara,Socks,Like New,Cotton,White,S,35
Old Navy,Boots,New with Tags,Polyester,Beige,XL,115
Walmart,Shorts,Like New,Leather,Beige,S,20
Levi's,Jeans,Like New,Denim,White,XL,85
Zara,Hoodie,Fair,Synthetic,Blue,L,30
Patagonia,Sweater,New with Tags,Cotton,Brown,XL,95
Gap,Tank Top,Excellent,Cotton,Green,XS,20
Zara,T-shirt,Excellent,Synthetic,Brown,XXL,25
Gap,Jeans,Excellent,Synthetic,Blue,XS,20
American Eagle,Shorts,Like New,Wool,Blue,XXL,40
Carhartt,Hoodie,Fair,Cotton,Green,XXL,60
Levi's,Tank Top,Excellent,Polyester,Green,XS,45
Primark,Jacket,New with Tags,Polyester,Black,L,65
Nike,Socks,Like New,Wool,Red,L,70
Nike,T-shirt,Like New,Polyester,Beige,XS,45
American Eagle,Jeans,Fair,Denim,Black,M,18
American Eagle,Socks,Like New,Synthetic,Beige,S,12
Shein,T-shirt,Excellent,Cotton,Brown,XXL,11
Gap,Boots,New with Tags,Cotton,Red,XL,120
Walmart,Tank Top,Good,Cotton,Black,L,9
Uniqlo,Shorts,Excellent,Denim,Green,S,8
Patagonia,Dress,Good,Wool,Brown,XS,140
Gap,Coat,Excellent,Nylon,Black,S,80
Carhartt,Jeans,Excellent,Wool,Blue,XS,160
Levi's,Coat,New with Tags,Cotton,Black,S,150
Walmart,Shorts,New with Tags,Cotton,White,S,25
Gap,Dress,New with Tags,Polyester,Brown,XXL,75
Carhartt,Coat,Excellent,Wool,Navy,S,105
Zara,Jeans,New with Tags,Wool,Brown,S,75
Walmart,Hoodie,Good,Leather,Navy,M,35
Zara,Jacket,Excellent,Cotton,Navy,XL,70
Adidas,Boots,Fair,Nylon,Black,S,75
The North Face,Boots,Excellent,Leather,Black,XXL,230
Levi's,Shorts,Like New,Denim,Black,XS,15
Zara,Coat,Excellent,Synthetic,Blue,M,45
Patagonia,Shorts,New with Tags,Wool,Brown,XL,19
Uniqlo,Hoodie,Like New,Synthetic,Beige,XXL,70
Primark,Dress,Excellent,Synthetic,Green,S,25
Forever 21,T-shirt,Like New,Leather,Gray,XL,12
Walmart,Boots,Excellent,Polyester,White,XXL,55
Carhartt,Coat,New with Tags,Wool,Green,XS,180
Levi's,Sneakers,Excellent,Leather,Brown,XS,150
The North Face,Jeans,New with Tags,Wool,Black,M,80
Adidas,Jacket,Excellent,Leather,Navy,XXL,135
Patagonia,Boots,Like New,Polyester,Brown,XXL,175
Shein,Sweater,New with Tags,Cotton,Brown,XL,30
Carhartt,Socks,Like New,Cotton,Black,S,19
H&M,Sneakers,Excellent,Cotton,Beige,L,40
H&M,Hoodie,Like New,Nylon,Green,XL,35
Adidas,Sneakers,Fair,Polyester,Beige,XS,50
Fashion Nova,Sweater,Good,Wool,White,L,45
Fashion Nova,Tank Top,New with Tags,Nylon,Navy,S,17
The North Face,Dress,New with Tags,Synthetic,Brown,S,235
American Eagle,T-shirt,New with Tags,Denim,Beige,L,35
Adidas,Socks,New with Tags,Denim,Blue,S,50
Nike,Boots,Fair,Wool,Brown,M,70
H&M,Dress,New with Tags,Denim,Gray,XXL,115
Carhartt,Hoodie,Excellent,Nylon,Navy,XXL,95
Uniqlo,Hoodie,Excellent,Synthetic,Brown,XL,40
Uniqlo,Hoodie,New with Tags,Leather,Blue,XS,65
Walmart,Coat,Like New,Nylon,Black,S,25
Carhartt,Sneakers,Fair,Denim,White,XXL,20
Zara,Shorts,Excellent,Polyester,Green,XXL,20
The North Face,Tank Top,Like New,Synthetic,Red,XXL,25
Walmart,Sweater,Like New,Leather,Black,S,40
Shein,Sneakers,Excellent,Denim,Green,S,35
Patagonia,Shorts,Fair,Synthetic,Green,M,18
Uniqlo,Hoodie,Excellent,Synthetic,Green,S,35
Forever 21,Shorts,Like New,Synthetic,Black,XXL,12
H&M,T-shirt,Fair,Synthetic,Red,M,11
Uniqlo,Hoodie,Like New,Nylon,Beige,S,45
Primark,Boots,New with Tags,Polyester,Gray,S,65
American Eagle,Hoodie,Good,Nylon,White,L,20
Walmart,Sweater,Fair,Cotton,Brown,XL,8
Carhartt,Sneakers,Like New,Wool,Blue,XS,110
Levi's,Sweater,Like New,Leather,Blue,L,140
H&M,Sneakers,Good,Cotton,Black,XL,20
Target,Jacket,Like New,Polyester,Gray,M,35
Patagonia,Boots,Excellent,Denim,Beige,XL,125
American Eagle,Coat,Good,Cotton,Red,S,65
Patagonia,Jeans,Good,Synthetic,Green,XL,55
Adidas,Jacket,New with Tags,Denim,Navy,L,110
Fashion Nova,Boots,Good,Synthetic,White,XXL,40
Gap,T-shirt,Excellent,Cotton,White,L,10
Carhartt,Socks,Excellent,Polyester,Black,XL,30
Old Navy,Jacket,New with Tags,Cotton,Navy,S,150
Uniqlo,Dress,Excellent,Wool,Navy,XS,55
Shein,Jeans,New with Tags,Nylon,Black,XS,45
H&M,Shorts,New with Tags,Wool,Gray,S,16
Forever 21,Sweater,New with Tags,Polyester,Black,S,30
Fashion Nova,Sweater,Fair,Denim,Gray,XL,11
Levi's,Jeans,Good,Denim,Black,XS,45
Primark,Tank Top,Excellent,Leather,Beige,XXL,14
Uniqlo,Socks,Like New,Nylon,Beige,XL,9
H&M,Jacket,Good,Wool,Red,M,80
Old Navy,Dress,Good,Nylon,Navy,XS,65
Uniqlo,T-shirt,New with Tags,Denim,Brown,XS,20
Fashion Nova,Sweater,Good,Wool,Gray,XS,40
Forever 21,Shorts,Good,Cotton,White,XXL,6
Zara,Shorts,New with Tags,Cotton,Blue,L,15
Target,Jacket,Good,Polyester,Navy,S,30
Fashion Nova,T-shirt,Good,Denim,Beige,S,11
Zara,Sweater,Fair,Polyester,Blue,XS,20
Forever 21,Sweater,Excellent,Denim,Gray,M,20
Primark,Hoodie,Fair,Synthetic,Red,S,12
Target,Tank Top,Fair,Leather,Gray,XXL,3
Fashion Nova,Hoodie,Good,Nylon,Black,XL,11
The North Face,Sweater,Excellent,Synthetic,Green,S,95
Walmart,Sneakers,New with Tags,Leather,Beige,S,60
Shein,T-shirt,Good,Denim,Brown,XXL,6
Forever 21,Boots,Fair,Leather,Red,XXL,35
The North Face,T-shirt,Good,Cotton,Brown,M,20
H&M,Tank Top,New with Tags,Polyester,Gray,XL,12
Shein,Hoodie,New with Tags,Nylon,Gray,XL,19
Target,Sneakers,New with Tags,Wool,Red,S,50
Primark,Jeans,New with Tags,Synthetic,Gray,L,30
Patagonia,Shorts,Good,Nylon,White,L,15
Shein,Socks,Good,Cotton,Green,XXL,6
Primark,Jacket,Like New,Synthetic,Red,XXL,35
Fashion Nova,Jeans,Like New,Cotton,Navy,XXL,20
Walmart,Tank Top,Excellent,Denim,Brown,L,13
Walmart,T-shirt,Fair,Cotton,White,M,7
Carhartt,Sneakers,Good,Nylon,Black,L,35
Shein,Tank Top,Excellent,Synthetic,Gray,XS,12
Nike,Socks,Fair,Leather,White,M,14
Primark,Coat,Like New,Polyester,Green,S,45
Nike,Jeans,Excellent,Synthetic,White,M,50
American Eagle,Coat,New with Tags,Wool,White,S,110
Target,Shorts,Excellent,Denim,Blue,XS,12
American Eagle,Boots,Good,Denim,Navy,M,70
Carhartt,Coat,Excellent,Synthetic,White,XXL,65
Nike,Socks,Fair,Polyester,Black,XL,12
Target,Sneakers,Like New,Nylon,Green,S,30
Walmart,Tank Top,Fair,Synthetic,Blue,XL,2
Fashion Nova,Dress,Excellent,Cotton,Red,L,35
Shein,Sneakers,Good,Cotton,Black,XXL,20
Shein,Tank Top,Good,Synthetic,Brown,M,11
H&M,Dress,Excellent,Nylon,Gray,L,95
Levi's,Coat,New with Tags,Leather,Green,S,145
Target,Hoodie,New with Tags,Denim,Navy,L,20
The North Face,Tank Top,Like New,Synthetic,Beige,XS,40
Nike,Jeans,Excellent,Cotton,Red,L,80
Zara,Coat,Fair,Synthetic,Beige,M,35
Primark,Coat,Good,Denim,Blue,XS,30
Nike,Coat,Good,Leather,Black,XL,90
Primark,Dress,Fair,Denim,Gray,XS,30
American Eagle,T-shirt,Good,Polyester,Green,L,20
Primark,Hoodie,Like New,Cotton,Black,XL,30
H&M,Jeans,Like New,Denim,Green,M,65
Forever 21,Dress,Fair,Nylon,Beige,L,18
Zara,Sneakers,Like New,Nylon,White,XXL,45
The North Face,Socks,Excellent,Nylon,Beige,XL,40
Walmart,Coat,Good,Leather,Brown,XS,20
H&M,Shorts,Fair,Cotton,Blue,XXL,10
Shein,Jacket,Fair,Leather,Beige,XXL,17
The North Face,Boots,Good,Wool,Brown,L,125
Nike,Hoodie,Excellent,Nylon,Green,S,70
Walmart,Sweater,Good,Leather,White,XL,17
Zara,Shorts,Good,Denim,Navy,S,25
Walmart,Jeans,Excellent,Cotton,Brown,XXL,30
American Eagle,T-shirt,Excellent,Polyester,Green,XS,17
Target,Hoodie,Excellent,Polyester,Green,S,45
Uniqlo,Coat,Like New,Nylon,Green,S,85
Old Navy,Jacket,New with Tags,Synthetic,Navy,XL,80
American Eagle,Shorts,Good,Leather,Green,L,12
Target,Dress,Good,Leather,Black,XL,55
Adidas,Socks,Excellent,Synthetic,Black,XS,30
Zara,Sweater,Fair,Wool,Red,M,30
Levi's,Shorts,Excellent,Nylon,Brown,M,30
Target,Boots,Like New,Leather,Brown,L,70
The North Face,Sneakers,Like New,Nylon,Beige,XL,105
Primark,Dress,New with Tags,Synthetic,Blue,XS,40
Levi's,Shorts,Excellent,Wool,Gray,XL,50
Uniqlo,Tank Top,Fair,Leather,Beige,S,18
Forever 21,Dress,Fair,Wool,Navy,XXL,55
Uniqlo,Socks,New with Tags,Cotton,Blue,M,15
Forever 21,Sneakers,Excellent,Synthetic,Beige,L,17
Target,Shorts,New with Tags,Polyester,Blue,L,5
Walmart,Dress,Fair,Nylon,White,XS,15
American Eagle,Coat,Excellent,Denim,Blue,S,65
H&M,Hoodie,Fair,Denim,Blue,XXL,25
Forever 21,Shorts,Excellent,Denim,Beige,S,16
Gap,Coat,Excellent,Wool,Navy,XL,85
Levi's,Sweater,New with Tags,Leather,Gray,S,105
Fashion Nova,Sneakers,Like New,Wool,White,L,50
Fashion Nova,Hoodie,Fair,Nylon,Green,L,6
Adidas,Sneakers,Excellent,Synthetic,Navy,S,55
The North Face,Boots,Excellent,Polyester,Navy,XXL,60
Carhartt,Hoodie,Good,Wool,Navy,XXL,95
Carhartt,Jeans,Fair,Denim,Blue,S,40
Target,Sneakers,Like New,Synthetic,Black,S,35
Levi's,Hoodie,Excellent,Polyester,Black,XXL,90
Shein,Boots,New with Tags,Nylon,Red,XS,40
Zara,Dress,Like New,Cotton,Black,XL,110
The North Face,Dress,New with Tags,Synthetic,Gray,XXL,95
Walmart,Dress,Like New,Wool,Beige,XXL,90
Forever 21,Sweater,Excellent,Cotton,Navy,XXL,25
Nike,Hoodie,Good,Wool,Beige,S,35
H&M,Dress,Like New,Cotton,Gray,XL,90
Old Navy,Socks,Fair,Polyester,Green,M,7
Walmart,Coat,Like New,Nylon,Black,S,30
Forever 21,Socks,Fair,Leather,Green,XS,7
Adidas,Jeans,Good,Nylon,Black,M,65
Uniqlo,Boots,Fair,Cotton,White,M,25
Nike,Sweater,Like New,Leather,Red,XL,105
Adidas,Shorts,Good,Synthetic,Brown,XS,10
Uniqlo,Dress,Excellent,Wool,Beige,M,130
Zara,Coat,Good,Nylon,Beige,XXL,55
Gap,T-shirt,Excellent,Leather,Black,XL,15
Carhartt,Boots,Fair,Leather,Beige,XL,75
Carhartt,Sweater,Like New,Wool,Green,XS,100
H&M,Dress,Fair,Nylon,White,XL,35
Gap,Boots,Excellent,Nylon,Brown,L,85
Fashion Nova,T-shirt,Good,Cotton,Green,XL,3
The North Face,Dress,Good,Nylon,Beige,XS,65
Carhartt,Dress,Fair,Synthetic,Black,XL,45
Target,Dress,Fair,Polyester,Navy,L,20
Primark,Coat,New with Tags,Wool,Brown,M,85
American Eagle,Boots,Excellent,Leather,Black,M,85
Target,Jeans,Like New,Polyester,Gray,S,40
The North Face,Tank Top,Excellent,Cotton,Gray,XXL,40
Primark,Coat,Fair,Leather,Green,XL,35
Levi's,T-shirt,Excellent,Polyester,Black,M,19
Uniqlo,Jacket,Good,Synthetic,Green,XXL,80
Carhartt,Socks,Like New,Denim,Beige,XXL,17
The North Face,Socks,Fair,Synthetic,Black,XS,10
Uniqlo,Jacket,Excellent,Synthetic,Gray,M,80
Shein,Boots,Good,Nylon,Black,XL,35
Uniqlo,Jacket,Good,Leather,Red,L,65
H&M,Tank Top,Like New,Synthetic,Blue,XL,25
Uniqlo,Tank Top,Good,Nylon,Blue,XXL,25
Primark,T-shirt,Like New,Wool,Blue,XXL,7
H&M,Shorts,Like New,Nylon,Red,XS,10
Shein,Tank Top,Fair,Polyester,Red,XXL,2
Nike,Socks,Excellent,Polyester,Brown,L,25
Gap,Sneakers,Like New,Synthetic,Red,S,40
Forever 21,Shorts,Good,Polyester,Brown,L,13
Shein,Jeans,Fair,Cotton,Navy,L,14
Uniqlo,Dress,Fair,Nylon,Black,S,30
H&M,Dress,Excellent,Leather,Black,XXL,95
Primark,Coat,Fair,Synthetic,Beige,S,17
Zara,Tank Top,Good,Cotton,Green,M,25
Patagonia,Dress,Excellent,Cotton,Beige,XXL,150
Zara,Jeans,Like New,Wool,Blue,S,80
Uniqlo,Hoodie,Like New,Cotton,Blue,S,30
Zara,Dress,Like New,Polyester,Navy,L,70
Nike,Sweater,New with Tags,Polyester,Blue,XS,85
Primark,Shorts,Excellent,Cotton,Black,XS,9
Fashion Nova,Tank Top,Good,Synthetic,Gray,XS,3
Gap,Jeans,Excellent,Denim,Blue,XS,50
Target,T-shirt,New with Tags,Leather,Beige,XS,25
H&M,Shorts,Excellent,Leather,Gray,S,30
Nike,Boots,Like New,Cotton,White,XS,165
Forever 21,Jeans,Excellent,Wool,Beige,XXL,30
Carhartt,Hoodie,New with Tags,Cotton,Gray,M,110
Carhartt,Sneakers,Good,Nylon,Black,XXL,30
Shein,Sneakers,New with Tags,Nylon,Beige,M,40
The North Face,Shorts,Excellent,Cotton,Blue,M,45
Nike,Socks,Like New,Leather,White,M,45
Old Navy,Sneakers,Excellent,Polyester,Beige,M,25
Patagonia,Jeans,Good,Leather,Blue,S,65
Old Navy,Coat,Like New,Synthetic,Black,L,85
Gap,T-shirt,Excellent,Denim,Black,XS,20
Uniqlo,Boots,Like New,Polyester,Green,M,100
Old Navy,Boots,New with Tags,Cotton,Beige,XL,75
Shein,Tank Top,Like New,Cotton,Green,XL,19
Walmart,Dress,New with Tags,Cotton,Brown,L,60
Forever 21,Shorts,Excellent,Wool,Red,XXL,25
Zara,Jacket,Good,Cotton,Navy,M,70
The North Face,Shorts,Excellent,Denim,Blue,XXL,50
Gap,Dress,New with Tags,Wool,Navy,L,145
Walmart,Jeans,Excellent,Leather,White,M,35
Target,Sneakers,New with Tags,Wool,Red,XXL,60
Fashion Nova,Coat,New with Tags,Synthetic,Navy,XS,60
Old Navy,Sneakers,New with Tags,Leather,White,XXL,105
Walmart,Coat,Like New,Leather,Black,S,75
Old Navy,Boots,Excellent,Leather,Green,L,150
Primark,Sweater,Excellent,Cotton,Gray,XL,30
Carhartt,Coat,Good,Synthetic,Brown,XXL,75
Target,Tank Top,Good,Polyester,Red,XL,10
Carhartt,Tank Top,Like New,Cotton,White,XXL,15
Patagonia,Dress,Good,Nylon,Brown,XL,70
H&M,Sweater,Like New,Denim,Black,XL,60
Primark,Jeans,New with Tags,Leather,Navy,XXL,45
Fashion Nova,Shorts,Good,Leather,White,XL,13
Walmart,Shorts,Fair,Cotton,Gray,XL,8
Shein,Hoodie,Excellent,Wool,Blue,XS,45
Gap,Socks,Fair,Polyester,Black,XXL,18
H&M,Coat,Fair,Cotton,Green,M,25
Nike,Coat,Good,Wool,Blue,M,115
Carhartt,Coat,Fair,Nylon,Blue,L,65
Forever 21,Tank Top,Like New,Leather,Gray,XS,20
H&M,Sneakers,Fair,Polyester,Brown,XXL,25
Gap,Sneakers,Good,Synthetic,Gray,XL,35
Shein,Hoodie,Excellent,Wool,Green,XS,30
Adidas,Tank Top,Fair,Wool,Blue,M,25
Nike,Dress,Excellent,Polyester,Green,M,65
Fashion Nova,Jacket,New with Tags,Cotton,Blue,L,100
Adidas,Boots,Excellent,Denim,White,XXL,175
Shein,Sweater,New with Tags,Wool,Black,L,55
Levi's,Dress,Like New,Leather,Brown,S,165
Fashion Nova,Dress,Excellent,Cotton,Black,XS,40
Old Navy,T-shirt,New with Tags,Synthetic,Brown,M,12
Nike,Socks,Good,Denim,Brown,XXL,35
Forever 21,Boots,Excellent,Synthetic,Green,L,45
Zara,Jeans,Good,Nylon,Green,XXL,25
Target,Sneakers,New with Tags,Synthetic,Gray,L,25
Patagonia,Jacket,Fair,Polyester,Navy,L,40
Forever 21,Jacket,Excellent,Cotton,Gray,XXL,30
Uniqlo,Tank Top,Fair,Polyester,White,XS,11
Walmart,Coat,New with Tags,Polyester,Black,M,55
Walmart,Jacket,Good,Leather,Red,XS,60
Forever 21,Jeans,Fair,Leather,Blue,M,30
Gap,Boots,Like New,Nylon,Brown,S,100
Walmart,Jacket,Fair,Denim,Blue,XS,20
Fashion Nova,Shorts,Good,Synthetic,Navy,XXL,3
H&M,Coat,Fair,Synthetic,Black,XL,30
Shein,Sneakers,New with Tags,Leather,Red,S,30
Primark,Dress,Like New,Wool,Black,S,45
Old Navy,Jacket,New with Tags,Synthetic,Gray,M,70
Gap,Jacket,Fair,Polyester,Blue,XS,35
Forever 21,Shorts,Good,Polyester,Gray,S,9
Forever 21,Dress,Like New,Cotton,Navy,XL,70
Old Navy,Hoodie,Like New,Denim,Red,XXL,40
Walmart,Sweater,New with Tags,Nylon,Navy,L,35
Zara,Coat,Fair,Leather,Red,XS,50
H&M,Jeans,Good,Synthetic,Red,S,30
Target,T-shirt,Good,Cotton,Black,L,12
Walmart,Sneakers,Like New,Cotton,Beige,XS,35
Adidas,Jacket,Good,Synthetic,Green,S,125
Levi's,Sweater,Good,Polyester,Gray,XXL,60
Levi's,Shorts,Fair,Cotton,Green,L,25
Adidas,Boots,New with Tags,Leather,Gray,XS,145
Adidas,T-shirt,Fair,Synthetic,Red,S,20
Uniqlo,Tank Top,Like New,Wool,Gray,M,25
H&M,T-shirt,Good,Synthetic,Beige,XXL,25
Uniqlo,T-shirt,Like New,Denim,White,XS,18
Carhartt,Coat,Good,Polyester,Red,XL,90
Primark,Dress,Excellent,Denim,Navy,XXL,45
Nike,Shorts,Good,Leather,Gray,XXL,35
Forever 21,Hoodie,Fair,Polyester,Green,S,13
Gap,Boots,Excellent,Denim,Blue,XL,120
Fashion Nova,Tank Top,Like New,Polyester,White,XS,20
Old Navy,Jacket,Excellent,Wool,Blue,M,110
Levi's,Sweater,Good,Wool,Blue,XS,105
H&M,Sweater,Fair,Synthetic,Navy,M,30
Adidas,T-shirt,Excellent,Cotton,Brown,XL,40
Target,Tank Top,Excellent,Polyester,Black,XS,12
Nike,Sweater,Good,Wool,Beige,XS,90
H&M,Jeans,Excellent,Wool,Gray,M,90
Uniqlo,Sneakers,Excellent,Polyester,Brown,XXL,50
The North Face,Boots,Good,Nylon,Beige,M,85
Patagonia,Hoodie,Good,Polyester,Beige,L,65
Levi's,Sneakers,New with Tags,Nylon,Green,XL,75
Patagonia,Boots,Excellent,Synthetic,Navy,XS,155
Uniqlo,Tank Top,New with Tags,Cotton,Green,L,40
Forever 21,Sneakers,New with Tags,Wool,Beige,XXL,50
H&M,Tank Top,Excellent,Polyester,Black,M,18
Carhartt,Jeans,Fair,Polyester,Blue,XS,30
Uniqlo,Hoodie,Excellent,Cotton,Beige,XL,30
H&M,Sweater,New with Tags,Polyester,Blue,XL,40
Fashion Nova,T-shirt,Good,Denim,White,XS,16
Old Navy,Hoodie,Like New,Synthetic,Green,XS,50
Target,Tank Top,Excellent,Polyester,Red,S,18
Patagonia,Dress,Good,Cotton,Red,XS,75
Gap,Boots,New with Tags,Nylon,White,XS,120
Adidas,Jeans,New with Tags,Polyester,Green,XL,65
Primark,Jacket,New with Tags,Nylon,Black,XL,35
Walmart,T-shirt,Like New,Leather,Navy,M,17
H&M,Sweater,Fair,Polyester,Brown,XS,25
Target,Hoodie,Excellent,Leather,Black,XS,20
Uniqlo,Sweater,Fair,Denim,Green,L,15
Shein,Jacket,Good,Synthetic,White,L,35
Levi's,Jeans,Like New,Cotton,Gray,S,80
Uniqlo,Hoodie,Fair,Leather,Green,XXL,45
Zara,Sweater,Good,Cotton,White,M,30
Walmart,Dress,New with Tags,Polyester,Brown,XL,50
Patagonia,Socks,Good,Polyester,Green,XXL,25
Primark,Jacket,Good,Cotton,Brown,L,25
Fashion Nova,Sweater,Good,Denim,Blue,M,25
Primark,Socks,Good,Leather,Blue,XL,4
Shein,Hoodie,New with Tags,Cotton,Black,S,40
Shein,Jeans,Good,Wool,Gray,L,25
Walmart,T-shirt,Excellent,Cotton,Gray,S,4
Primark,Hoodie,New with Tags,Synthetic,Navy,XL,18
Zara,Dress,New with Tags,Synthetic,Red,M,115
Nike,Hoodie,Good,Polyester,Navy,XXL,85
Target,Hoodie,New with Tags,Wool,Brown,S,70
Shein,Jeans,Fair,Nylon,Beige,L,10
Zara,Sneakers,Fair,Wool,Red,L,30
Patagonia,Tank Top,Fair,Denim,Red,XXL,30
Primark,Jeans,Fair,Polyester,Gray,L,7
H&M,Hoodie,New with Tags,Synthetic,Red,L,40
Primark,Dress,Like New,Cotton,Blue,S,45
H&M,T-shirt,Like New,Polyester,Green,S,9
Target,T-shirt,Good,Nylon,Black,XS,9
Levi's,Jeans,Good,Nylon,Blue,S,45
Fashion Nova,Shorts,Good,Cotton,Red,XL,5
Uniqlo,Tank Top,Good,Polyester,Blue,XS,9
Zara,Dress,Fair,Wool,White,M,45
Carhartt,Hoodie,Excellent,Cotton,Black,XXL,115
Carhartt,Socks,Excellent,Synthetic,Gray,XXL,19
Gap,Hoodie,Excellent,Cotton,Red,M,45
Forever 21,Boots,New with Tags,Nylon,Navy,L,85
Gap,Boots,Fair,Cotton,Gray,L,50
Patagonia,Tank Top,Good,Nylon,Blue,XS,20
Patagonia,Coat,Fair,Synthetic,Blue,XL,75
Uniqlo,Boots,Like New,Synthetic,Gray,M,60
Zara,Jacket,New with Tags,Leather,Red,XS,150
Zara,Hoodie,Like New,Cotton,Gray,S,65
Uniqlo,Jeans,Like New,Synthetic,Red,S,75
Forever 21,Sweater,Good,Nylon,Red,XL,19
Levi's,Dress,Like New,Cotton,Green,M,120
Forever 21,Jacket,Good,Polyester,Gray,XXL,25
Uniqlo,Shorts,New with Tags,Cotton,Beige,XS,12
Fashion Nova,T-shirt,New with Tags,Wool,Beige,XL,20
Walmart,Tank Top,Excellent,Polyester,Beige,L,20
Uniqlo,Socks,Like New,Wool,White,M,11
Shein,Hoodie,Excellent,Leather,Green,XL,40
Nike,Socks,New with Tags,Polyester,Blue,XS,18
Forever 21,Jeans,Good,Cotton,Navy,M,30
Target,Boots,New with Tags,Polyester,Green,S,90
Fashion Nova,Tank Top,Fair,Cotton,Beige,XL,4
Carhartt,Boots,New with Tags,Denim,Gray,XL,155
Uniqlo,Socks,Good,Synthetic,Green,XL,14
Forever 21,Sweater,Like New,Nylon,Black,XXL,30
Primark,Jeans,Good,Wool,Blue,S,45
Levi's,Hoodie,Like New,Cotton,Green,L,145
Target,Jeans,Excellent,Leather,Red,L,30
Levi's,Sweater,Good,Synthetic,Brown,XS,30
Adidas,Tank Top,Good,Leather,Beige,XS,25
The North Face,Shorts,Like New,Leather,Brown,M,55
Forever 21,Jeans,Good,Synthetic,Green,M,11
Adidas,Socks,Like New,Nylon,Blue,L,14
Zara,Socks,Good,Leather,Green,M,30
Primark,Jeans,Good,Leather,Black,XS,17
Uniqlo,Socks,Excellent,Leather,Gray,XXL,30
The North Face,Coat,New with Tags,Nylon,Black,XXL,230
Target,Tank Top,Good,Nylon,Beige,S,4
Gap,Coat,Like New,Synthetic,Navy,L,100
Carhartt,Socks,New with Tags,Wool,Black,XS,80
Primark,Shorts,New with Tags,Denim,Brown,L,20
Old Navy,T-shirt,Fair,Cotton,Brown,XL,7
Gap,Hoodie,Good,Synthetic,Brown,XS,25
Old Navy,Tank Top,Fair,Synthetic,Gray,XL,15
Uniqlo,Socks,Good,Nylon,Gray,L,25
Uniqlo,T-shirt,Good,Polyester,Blue,S,8
American Eagle,Coat,Fair,Cotton,Black,M,50
Walmart,Boots,Good,Cotton,Red,XS,45
Nike,Sweater,Fair,Leather,White,XXL,40
Patagonia,T-shirt,Fair,Cotton,Beige,XS,7
Shein,Socks,Fair,Denim,White,S,7
H&M,Coat,Good,Wool,Green,XL,55
Fashion Nova,Coat,Fair,Denim,Red,S,25
Fashion Nova,Jeans,Good,Polyester,Black,XXL,30
H&M,Dress,New with Tags,Denim,Black,XXL,130
Fashion Nova,Shorts,Good,Denim,Beige,M,11
Primark,Dress,Good,Synthetic,Red,XL,40
Uniqlo,Sweater,Excellent,Cotton,Black,XL,45
Shein,Jacket,Fair,Leather,Green,XL,30
Primark,Sweater,Excellent,Synthetic,Brown,XL,12
Primark,Jeans,New with Tags,Nylon,White,L,30
Adidas,Tank Top,Excellent,Wool,Green,XXL,65
Fashion Nova,Jacket,Excellent,Leather,Red,M,45
Patagonia,Sweater,Good,Polyester,Navy,XS,50
Forever 21,Sneakers,Good,Denim,Navy,XXL,30
Forever 21,Jacket,Like New,Denim,Navy,XS,90
Forever 21,Jacket,Excellent,Leather,Green,XS,45
H&M,Coat,Like New,Nylon,Brown,XS,100
Adidas,Jeans,New with Tags,Leather,Gray,XS,160
H&M,Sweater,Like New,Leather,Navy,L,65
Fashion Nova,Socks,Good,Polyester,Brown,M,13
Shein,T-shirt,Like New,Synthetic,Black,XL,17
Walmart,T-shirt,Like New,Leather,Beige,XL,30
Walmart,Coat,New with Tags,Wool,Red,S,110
Primark,Sneakers,Fair,Cotton,Navy,XS,9
American Eagle,Jacket,New with Tags,Leather,Blue,M,80
Uniqlo,Jacket,Fair,Wool,Blue,XS,45
American Eagle,Jeans,New with Tags,Polyester,Red,XL,65
Gap,Jeans,Excellent,Denim,Beige,L,25
Carhartt,T-shirt,Like New,Nylon,Beige,XXL,40
Adidas,Tank Top,Like New,Wool,Beige,S,70
Gap,Dress,Fair,Wool,Blue,XS,40
Forever 21,Sweater,Fair,Nylon,Beige,M,9
Gap,Jeans,Like New,Synthetic,Beige,M,60
Uniqlo,Hoodie,Good,Wool,Red,XXL,60
Adidas,Jacket,Fair,Denim,Black,XS,80
Zara,Jacket,Fair,Cotton,Navy,XXL,35
Old Navy,T-shirt,New with Tags,Denim,Gray,S,19
Shein,Jacket,Fair,Synthetic,Green,XXL,25
Carhartt,Sweater,New with Tags,Polyester,Brown,XS,125
Target,Tank Top,New with Tags,Leather,Blue,XXL,7
Fashion Nova,Sweater,New with Tags,Synthetic,Beige,XL,30
Uniqlo,T-shirt,Excellent,Denim,Brown,M,10
Adidas,Jacket,Excellent,Denim,Beige,L,115
Adidas,Dress,New with Tags,Polyester,Red,S,110
Levi's,Jeans,Fair,Nylon,Gray,M,30
Carhartt,Tank Top,New with Tags,Nylon,Navy,XS,45
Patagonia,Hoodie,New with Tags,Nylon,Blue,XS,115
Forever 21,Jacket,New with Tags,Leather,Black,M,90
Fashion Nova,T-shirt,Good,Denim,Navy,L,16
Levi's,Shorts,Fair,Polyester,White,XS,6
Nike,Boots,Excellent,Denim,Navy,XXL,100
Carhartt,Socks,Fair,Synthetic,Gray,M,16
American Eagle,Shorts,Excellent,Wool,Black,XL,25
Walmart,Hoodie,Like New,Polyester,Red,XS,30
Zara,Shorts,Fair,Leather,Gray,XL,8
Levi's,Jacket,Like New,Synthetic,Red,L,135
Uniqlo,Sweater,Good,Polyester,Black,M,18
Carhartt,Sweater,Fair,Nylon,Gray,XS,40
Carhartt,Tank Top,Excellent,Nylon,Beige,S,14
Patagonia,Tank Top,Good,Synthetic,White,M,30
Uniqlo,Dress,New with Tags,Cotton,Blue,S,105
Forever 21,Tank Top,New with Tags,Nylon,Red,XL,8
Shein,Dress,Like New,Synthetic,White,L,60
Uniqlo,Shorts,Good,Leather,Navy,S,15
H&M,Sneakers,Fair,Synthetic,Black,S,16
Old Navy,Sneakers,Good,Leather,Blue,M,30
Shein,Jacket,Good,Leather,Gray,L,40
H&M,Coat,Good,Polyester,Green,XXL,45
Primark,T-shirt,Excellent,Polyester,White,XS,3
Adidas,Hoodie,Excellent,Synthetic,Green,S,115
Fashion Nova,Shorts,New with Tags,Nylon,Green,M,25
Zara,T-shirt,Good,Synthetic,Beige,S,19
Levi's,Dress,Good,Wool,White,M,155
H&M,T-shirt,Excellent,Polyester,Blue,M,25
American Eagle,Dress,Good,Synthetic,Brown,XXL,50
The North Face,Boots,Fair,Synthetic,Brown,L,45
Levi's,Boots,Fair,Denim,Green,XS,55
Forever 21,Coat,Like New,Cotton,Brown,M,40
Zara,Coat,Excellent,Nylon,Brown,L,50
Uniqlo,Dress,Like New,Polyester,Red,M,90
Primark,Sweater,Fair,Synthetic,Navy,M,13
Zara,Boots,Fair,Denim,Navy,L,50
American Eagle,Shorts,Good,Leather,Blue,L,15
Target,T-shirt,Good,Synthetic,Black,S,11
Shein,T-shirt,Like New,Denim,Brown,XL,7
H&M,Sweater,Excellent,Polyester,Beige,XS,35
Forever 21,Hoodie,Good,Nylon,Red,L,10
Carhartt,Socks,Good,Denim,White,XS,25
Old Navy,Jacket,Fair,Cotton,Blue,M,35
Adidas,Sweater,Good,Wool,Blue,S,100
Adidas,T-shirt,Good,Synthetic,Green,L,7
The North Face,Sweater,Like New,Cotton,Black,L,45
The North Face,Coat,Like New,Cotton,Brown,XL,95
Nike,Sneakers,New with Tags,Polyester,Red,XS,65
Gap,Sweater,Good,Polyester,White,XXL,45
The North Face,Hoodie,Fair,Denim,White,XXL,50
Nike,Sneakers,Like New,Wool,Blue,XXL,165
Carhartt,Dress,Good,Leather,Red,XL,155
Carhartt,Dress,Like New,Leather,White,XS,130
Walmart,Dress,Excellent,Polyester,Green,M,60
Uniqlo,Jeans,Like New,Nylon,Gray,M,45
Target,Tank Top,Fair,Nylon,Brown,XL,4
Gap,Jacket,Like New,Polyester,Blue,XS,75
The North Face,T-shirt,Good,Synthetic,Navy,M,10
Target,Hoodie,Fair,Denim,Red,M,20
Old Navy,Sneakers,Good,Leather,Brown,S,55
Carhartt,Tank Top,Fair,Synthetic,Blue,M,11
Primark,Jeans,Excellent,Polyester,Navy,S,13
Fashion Nova,Shorts,Good,Denim,Brown,L,14
Walmart,Jeans,New with Tags,Denim,Blue,S,65
Zara,Socks,Excellent,Synthetic,Black,XXL,15
Gap,Jeans,Like New,Wool,Navy,XXL,45
Patagonia,Jacket,Good,Denim,White,XL,140
Shein,Socks,Fair,Wool,Brown,XXL,9
Carhartt,Tank Top,Good,Synthetic,Green,XS,40
Adidas,Sneakers,Excellent,Synthetic,Brown,S,40
Old Navy,T-shirt,Good,Leather,Red,S,13
H&M,T-shirt,Like New,Cotton,Green,XS,18
H&M,T-shirt,New with Tags,Cotton,Green,XS,30
Levi's,Shorts,Good,Denim,Gray,XL,25
Carhartt,Socks,Good,Leather,Black,M,50
Uniqlo,Jacket,Fair,Cotton,Beige,M,55
Fashion Nova,Sneakers,Like New,Cotton,Gray,XS,55
Forever 21,Dress,Good,Synthetic,White,M,45
Fashion Nova,Dress,Excellent,Leather,Red,XXL,50
Walmart,Dress,New with Tags,Wool,Beige,L,55
The North Face,Coat,New with Tags,Cotton,Brown,XXL,135
Old Navy,Shorts,Good,Synthetic,White,XXL,8
Adidas,Sweater,Fair,Nylon,White,XXL,40
Forever 21,Socks,Like New,Polyester,Green,XS,7
Target,T-shirt,Fair,Wool,Blue,M,10
Target,Sneakers,Excellent,Nylon,Gray,XXL,30
Target,Dress,New with Tags,Leather,Navy,M,85
Old Navy,Shorts,Like New,Synthetic,Black,XL,17
Uniqlo,Socks,Like New,Denim,Green,XXL,30
Target,Tank Top,New with Tags,Nylon,Blue,L,18
Patagonia,Socks,Excellent,Denim,Navy,M,40
Target,Socks,New with Tags,Polyester,Gray,XL,17
H&M,Tank Top,Fair,Polyester,Navy,XXL,10
Target,T-shirt,Excellent,Synthetic,White,XXL,19
Uniqlo,Jacket,New with Tags,Wool,Navy,S,140
Old Navy,Socks,Like New,Cotton,White,S,18
Forever 21,T-shirt,Good,Nylon,Brown,M,9
Patagonia,Dress,Fair,Polyester,Black,XL,60
Walmart,Tank Top,Good,Denim,Brown,M,7
Target,Jeans,Good,Leather,Beige,XL,30
Walmart,Jacket,Like New,Nylon,Blue,XS,60
Nike,Coat,New with Tags,Leather,Green,XS,130
Levi's,T-shirt,Like New,Wool,Black,XL,60
Uniqlo,Hoodie,Fair,Leather,Beige,S,30
Carhartt,Coat,Fair,Leather,Red,XL,55
American Eagle,Sweater,Good,Denim,White,M,45
Fashion Nova,Sweater,Excellent,Leather,Beige,XL,30
Gap,Tank Top,New with Tags,Wool,White,XL,15
American Eagle,Sweater,Like New,Wool,Black,XS,65
The North Face,Shorts,Fair,Nylon,Navy,XS,18
Shein,T-shirt,New with Tags,Polyester,Gray,L,10
Primark,Socks,Good,Leather,Blue,M,3
Zara,Shorts,New with Tags,Synthetic,Gray,XXL,35
Old Navy,Hoodie,Good,Leather,Green,M,70
Carhartt,T-shirt,Excellent,Denim,Gray,XS,25
Walmart,Boots,Fair,Denim,Black,L,35
Fashion Nova,T-shirt,Good,Cotton,Red,XXL,3
Fashion Nova,T-shirt,Fair,Denim,Blue,XXL,11
Old Navy,Shorts,New with Tags,Denim,Navy,L,18
Walmart,Hoodie,Good,Wool,Green,S,18
Primark,Dress,Fair,Nylon,Navy,XS,20
Gap,Boots,Like New,Denim,Gray,XS,65
Levi's,Dress,New with Tags,Polyester,Green,S,140
Nike,Jeans,Good,Synthetic,Navy,S,35
Target,Coat,Excellent,Cotton,Blue,L,40
Uniqlo,Jeans,Good,Denim,Beige,L,50
Zara,Socks,Like New,Cotton,White,XS,11
Adidas,Sneakers,Fair,Synthetic,Black,L,30
Old Navy,Tank Top,Fair,Polyester,Red,M,16
Adidas,Sweater,Good,Synthetic,White,XXL,60
Fashion Nova,Tank Top,Like New,Cotton,Blue,L,8
Target,Jacket,Good,Denim,Beige,M,50
Nike,Jeans,Excellent,Cotton,Green,M,55
The North Face,Jacket,New with Tags,Synthetic,Gray,S,120
Old Navy,Sneakers,Excellent,Wool,Green,XS,35
American Eagle,Shorts,Fair,Leather,Gray,S,14
Adidas,T-shirt,New with Tags,Leather,Red,S,75
American Eagle,Socks,Like New,Leather,Blue,XS,16
Shein,Sneakers,New with Tags,Denim,White,L,40
Shein,Tank Top,Excellent,Cotton,Black,XXL,9
Walmart,Dress,Fair,Denim,Beige,L,17
Nike,T-shirt,Fair,Denim,Beige,XXL,19
Zara,Coat,Like New,Cotton,Beige,S,90
Carhartt,Coat,Like New,Leather,White,XS,235
Primark,Sweater,Good,Leather,Green,M,35
Shein,Boots,New with Tags,Leather,White,XXL,95
Primark,Tank Top,Good,Polyester,Gray,M,6
Old Navy,Sweater,Good,Wool,Blue,L,25
Nike,Sweater,Excellent,Cotton,Green,S,115
Patagonia,Sweater,Good,Synthetic,Brown,XS,55
Nike,Dress,Good,Cotton,White,XS,110
Carhartt,Jacket,New with Tags,Nylon,White,XL,175
The North Face,Sneakers,Like New,Wool,Gray,L,65
Patagonia,Jacket,Fair,Wool,White,XL,80
Levi's,Sweater,Excellent,Synthetic,Green,S,110
Walmart,Sweater,New with Tags,Polyester,White,M,30
Patagonia,Tank Top,Like New,Denim,Beige,M,45
Zara,Hoodie,New with Tags,Wool,Navy,XXL,70
The North Face,Tank Top,Excellent,Polyester,Brown,L,45
Patagonia,Socks,Excellent,Polyester,White,M,40
H&M,Sneakers,Good,Leather,Gray,S,55
Zara,Socks,Fair,Leather,Red,L,6
Target,T-shirt,Like New,Wool,Black,S,20
Patagonia,Hoodie,Like New,Wool,Navy,S,155
The North Face,Coat,New with Tags,Synthetic,Blue,L,195
Adidas,Jacket,Good,Nylon,Blue,XS,55
Nike,Sweater,Like New,Denim,Blue,XXL,115
Uniqlo,T-shirt,Excellent,Cotton,Blue,XS,25
Levi's,Sneakers,Fair,Synthetic,Green,XL,40
Carhartt,Dress,Like New,Synthetic,Red,L,120
Primark,T-shirt,Good,Denim,Gray,XXL,13
Forever 21,Boots,New with Tags,Cotton,White,M,75
Walmart,Coat,Fair,Cotton,Green,S,25
Primark,Dress,New with Tags,Cotton,Gray,XS,50
Zara,Boots,Good,Synthetic,Gray,S,55
Primark,Coat,New with Tags,Leather,Brown,L,90
Gap,T-shirt,Like New,Polyester,Blue,XXL,14
Primark,Shorts,Good,Nylon,Blue,M,7
Adidas,Socks,Like New,Polyester,White,S,45
The North Face,Jeans,Good,Cotton,Navy,M,35
Gap,Coat,Good,Wool,Navy,M,105
Forever 21,Boots,Excellent,Denim,Brown,XL,50
American Eagle,Dress,Fair,Denim,Green,XXL,35
Primark,Coat,New with Tags,Wool,Brown,S,105
Walmart,Sneakers,Good,Synthetic,Beige,L,9
H&M,Dress,Excellent,Cotton,Gray,M,115
H&M,Coat,Good,Polyester,Red,M,75
Carhartt,Sneakers,Like New,Cotton,Red,XS,130
The North Face,Boots,Good,Cotton,Green,XXL,95
Patagonia,Dress,Excellent,Nylon,Green,S,115
Fashion Nova,Dress,Excellent,Synthetic,Brown,XS,55
Fashion Nova,Tank Top,Excellent,Synthetic,Gray,XS,5
Gap,Socks,Excellent,Leather,Black,L,50
Walmart,Coat,Like New,Denim,Beige,S,45
Primark,Boots,Excellent,Cotton,Green,M,65
H&M,Hoodie,Excellent,Nylon,Beige,L,45
Levi's,Hoodie,Like New,Leather,Blue,XL,100
Shein,T-shirt,New with Tags,Nylon,White,XS,19
Uniqlo,T-shirt,Good,Leather,Black,XXL,12
Gap,Dress,New with Tags,Wool,Navy,L,185
Old Navy,Shorts,Excellent,Synthetic,Green,M,30
Patagonia,Jeans,New with Tags,Cotton,Blue,M,130
Nike,Sweater,Fair,Denim,Red,XL,55
Adidas,Sweater,Good,Wool,Beige,S,55
Primark,Hoodie,Fair,Polyester,Gray,S,5
Target,Jacket,Fair,Denim,Black,XXL,40
The North Face,Tank Top,Excellent,Polyester,Beige,S,45
Uniqlo,Boots,New with Tags,Polyester,Black,XXL,135
Walmart,Coat,Excellent,Wool,Blue,XS,55
Levi's,Dress,New with Tags,Denim,White,S,190
The North Face,Jeans,Like New,Synthetic,Black,XS,140
Primark,T-shirt,Like New,Leather,Green,XS,6
The North Face,Jeans,Like New,Cotton,Gray,S,75
Old Navy,Boots,Fair,Synthetic,Green,L,45
Old Navy,Sweater,Like New,Synthetic,Green,L,40
The North Face,Socks,Good,Denim,Brown,XL,40
Old Navy,Shorts,Excellent,Synthetic,White,L,9
Forever 21,Hoodie,Good,Cotton,White,S,25
Adidas,Hoodie,Like New,Nylon,Gray,XS,55
Levi's,Shorts,Like New,Leather,White,L,25
Primark,T-shirt,Fair,Synthetic,Brown,XXL,6
Patagonia,Sneakers,New with Tags,Wool,Brown,XS,65
Walmart,Jeans,Fair,Cotton,Navy,M,12
Walmart,Jeans,New with Tags,Denim,White,L,40
Shein,Jeans,Good,Wool,Navy,L,40
Walmart,Coat,New with Tags,Nylon,Black,S,40
Old Navy,Jacket,Like New,Synthetic,Gray,XL,145
